0101 ,01 ,01 ,Quận Ba Đình ,Hà Nội
0102 ,01 ,02 ,Quận Hoàn Kiếm ,Hà Nội
0103 ,01 ,03 ,Quận Hai Bà Trưng ,Hà Nội
0104 ,01 ,04 ,Quận Đống Đa ,Hà Nội
0105 ,01 ,05 ,Quận Tây Hồ ,Hà Nội
0106 ,01 ,06 ,Quận Cầu Giấy ,Hà Nội
0107 ,01 ,07 ,Quận Thanh Xuân ,Hà Nội
0108 ,01 ,08 ,Quận Hoàng Mai ,Hà Nội
0109 ,01 ,09 ,Quận Long Biên ,Hà Nội
0110 ,01 ,10 ,Quận Bắc Từ Liêm ,Hà Nội
0111 ,01 ,11 ,Huyện Thanh Trì ,Hà Nội
0112 ,01 ,12 ,Huyện Gia Lâm ,Hà Nội
0113 ,01 ,13 ,Huyện Đông Anh ,Hà Nội
0114 ,01 ,14 ,Huyện Sóc Sơn ,Hà Nội
0115 ,01 ,15 ,Quận Hà Đông ,Hà Nội
0116 ,01 ,16 ,Thị xã Sơn Tây ,Hà Nội
0117 ,01 ,17 ,Huyện Ba Vì ,Hà Nội
0118 ,01 ,18 ,Huyện Phúc Thọ ,Hà Nội
0119 ,01 ,19 ,Huyện Thạch Thất ,Hà Nội
0120 ,01 ,20 ,Huyện Quốc Oai ,Hà Nội
0121 ,01 ,21 ,Huyện Chương Mỹ ,Hà Nội
0122 ,01 ,22 ,Huyện Đan Phượng ,Hà Nội
0123 ,01 ,23 ,Huyện Hoài Đức ,Hà Nội
0124 ,01 ,24 ,Huyện Thanh Oai ,Hà Nội
0125 ,01 ,25 ,Huyện Mỹ Đức ,Hà Nội
0126 ,01 ,26 ,Huyện ứng Hoà ,Hà Nội
0127 ,01 ,27 ,Huyện Thường Tín ,Hà Nội
0128 ,01 ,28 ,Huyện Phú Xuyên ,Hà Nội
0129 ,01 ,29 ,Huyện Mê Linh ,Hà Nội
0130 ,01 ,30 ,Quận Nam Từ Liêm ,Hà Nội
0200 ,02 ,00 ,Sở Giáo dục và Đào tạo  ,Tp. Hồ Chí Minh
0201 ,02 ,01 ,Quận 1 ,Tp. Hồ Chí Minh
0202 ,02 ,02 ,Quận 2 ,Tp. Hồ Chí Minh
0203 ,02 ,03 ,Quận 3 ,Tp. Hồ Chí Minh
0204 ,02 ,04 ,Quận 4 ,Tp. Hồ Chí Minh
0205 ,02 ,05 ,Quận 5 ,Tp. Hồ Chí Minh
0206 ,02 ,06 ,Quận 6 ,Tp. Hồ Chí Minh
0207 ,02 ,07 ,Quận 7 ,Tp. Hồ Chí Minh
0208 ,02 ,08 ,Quận 8 ,Tp. Hồ Chí Minh
0209 ,02 ,09 ,Quận 9 ,Tp. Hồ Chí Minh
0210 ,02 ,10 ,Quận 10 ,Tp. Hồ Chí Minh
0211 ,02 ,11 ,Quận 11 ,Tp. Hồ Chí Minh
0212 ,02 ,12 ,Quận 12 ,Tp. Hồ Chí Minh
0213 ,02 ,13 ,Quận Gò Vấp ,Tp. Hồ Chí Minh
0214 ,02 ,14 ,Quận Tân Bình ,Tp. Hồ Chí Minh
0215 ,02 ,15 ,Quận Tân Phú ,Tp. Hồ Chí Minh
0216 ,02 ,16 ,Quận Bình Thạnh ,Tp. Hồ Chí Minh
0217 ,02 ,17 ,Quận Phú Nhuận ,Tp. Hồ Chí Minh
0218 ,02 ,18 ,Quận Thủ Đức ,Tp. Hồ Chí Minh
0219 ,02 ,19 ,Quận Bình Tân ,Tp. Hồ Chí Minh
0220 ,02 ,20 ,Huyện Bình Chánh ,Tp. Hồ Chí Minh
0221 ,02 ,21 ,Huyện Củ Chi ,Tp. Hồ Chí Minh
0222 ,02 ,22 ,Huyện Hóc Môn ,Tp. Hồ Chí Minh
0223 ,02 ,23 ,Huyện Nhà Bè ,Tp. Hồ Chí Minh
0224 ,02 ,24 ,Huyện Cần Giờ ,Tp. Hồ Chí Minh
0300 ,03 ,00 ,Sở Giáo dục và Đào tạo  ,Hải Phòng
0301 ,03 ,01 ,Quận Hồng Bàng ,Hải Phòng
0302 ,03 ,02 ,Quận Lê Chân ,Hải Phòng
0303 ,03 ,03 ,Quận Ngô Quyền ,Hải Phòng
0304 ,03 ,04 ,Quận Kiến An  ,Hải Phòng
0305 ,03 ,05 ,Quận Hải An ,Hải Phòng
0306 ,03 ,06 ,Quận Đồ Sơn ,Hải Phòng
0307 ,03 ,07 ,Huyện An Lão ,Hải Phòng
0308 ,03 ,08 ,Huyện Kiến Thụy ,Hải Phòng
0309 ,03 ,09 ,Huyện Thủy Nguyên  ,Hải Phòng
0310 ,03 ,10 ,Huyện An Dương ,Hải Phòng
0311 ,03 ,11 ,Huyện Tiên Lãng ,Hải Phòng
0312 ,03 ,12 ,Huyện Vĩnh Bảo ,Hải Phòng
0313 ,03 ,13 ,Huyện Cát Hải ,Hải Phòng
0314 ,03 ,14 ,Huyện Bạch Long Vĩ ,Hải Phòng
0315 ,03 ,15 ,Quận Dương Kinh ,Hải Phòng
0400 ,04 ,00 ,Sở Giáo dục và Đào tạo ,Đà Nẵng
0401 ,04 ,01 ,Quận Hải Châu ,Đà Nẵng
0402 ,04 ,02 ,Quận Thanh Khê ,Đà Nẵng
0403 ,04 ,03 ,Quận Sơn Trà ,Đà Nẵng
0404 ,04 ,04 ,Quận Ngũ Hành Sơn ,Đà Nẵng
0405 ,04 ,05 ,Quận Liên Chiểu ,Đà Nẵng
0406 ,04 ,06 ,Huyện Hoà Vang ,Đà Nẵng
0407 ,04 ,07 ,Quận Cẩm Lệ ,Đà Nẵng
0408 ,04 ,08 ,Huyện Hoàng Sa ,Đà Nẵng
0500 ,05 ,00 ,Sở Giáo dục và Đào tạo ,Hà Giang
0501 ,05 ,01 ,Thành phố Hà Giang ,Hà Giang
0502 ,05 ,02 ,Huyện Đồng Văn ,Hà Giang
0503 ,05 ,03 ,Huyện Mèo Vạc ,Hà Giang
0504 ,05 ,04 ,Huyện Yên Minh ,Hà Giang
0505 ,05 ,05 ,Huyện Quản Bạ ,Hà Giang
0506 ,05 ,06 ,Huyện Vị Xuyên ,Hà Giang
0507 ,05 ,07 ,Huyện Bắc Mê ,Hà Giang
0508 ,05 ,08 ,Huyện Hoàng Su Phì ,Hà Giang
0509 ,05 ,09 ,Huyện Xín Mần ,Hà Giang
0510 ,05 ,10 ,Huyện Bắc Quang ,Hà Giang
0511 ,05 ,11 ,Huyện Quang Bình ,Hà Giang
0600 ,06 ,00 ,Sở Giáo dục và Đào tạo ,Cao Bằng
0601 ,06 ,01 ,Thành phố Cao Bằng ,Cao Bằng
0602 ,06 ,02 ,Huyện Bảo Lạc ,Cao Bằng
0603 ,06 ,03 ,Huyện Thông Nông ,Cao Bằng
0604 ,06 ,04 ,Huyện Hà Quảng ,Cao Bằng
0605 ,06 ,05 ,Huyện Trà Lĩnh ,Cao Bằng
0606 ,06 ,06 ,Huyện Trùng Khánh ,Cao Bằng
0607 ,06 ,07 ,Huyện Nguyên Bình ,Cao Bằng
0608 ,06 ,08 ,Huyện Hoà An ,Cao Bằng
0609 ,06 ,09 ,Huyện Quảng Uyên ,Cao Bằng
0610 ,06 ,10 ,Huyện Thạch An ,Cao Bằng
0611 ,06 ,11 ,Huyện Hạ Lang ,Cao Bằng
0612 ,06 ,12 ,Huyện Bảo Lâm ,Cao Bằng
0613 ,06 ,13 ,Huyện Phục Hoà ,Cao Bằng
0700 ,07 ,00 ,Sở Giáo dục và Đào tạo ,Lai Châu
0701 ,07 ,01 ,Thành Phố Lai Châu ,Lai Châu
0702 ,07 ,02 ,Huyện Tam Đường ,Lai Châu
0703 ,07 ,03 ,Huyện Phong Thổ ,Lai Châu
0704 ,07 ,04 ,Huyện Sìn Hồ ,Lai Châu
0705 ,07 ,05 ,Huyện Mường Tè ,Lai Châu
0706 ,07 ,06 ,Huyện Than Uyên ,Lai Châu
0707 ,07 ,07 ,Huyện Tân Uyên ,Lai Châu
0708 ,07 ,08 ,Huyện Nậm Nhùm ,Lai Châu
0800 ,08 ,00 ,Sở Giáo dục và Đào tạo ,Lào Cai
0801 ,08 ,01 ,Huyện  Bảo Thắng ,Lào Cai
0802 ,08 ,02 ,Huyện Bảo Yên ,Lào Cai
0803 ,08 ,03 ,Huyện Bát Xát ,Lào Cai
0804 ,08 ,04 ,Huyện Bắc Hà ,Lào Cai
0805 ,08 ,05 ,Thành phố Lào Cai ,Lào Cai
0806 ,08 ,06 ,Huyện Mường Khương ,Lào Cai
0807 ,08 ,07 ,Huyện  Sa Pa ,Lào Cai
0808 ,08 ,08 ,Huyện Si Ma Cai ,Lào Cai
0809 ,08 ,09 ,Huyện  Văn Bàn ,Lào Cai
0900 ,09 ,00 ,Sở Giáo dục và Đào tạo ,Tuyên Quang
0901 ,09 ,01 ,Th. phố Tuyên Quang ,Tuyên Quang
0902 ,09 ,02 ,Huyện Lâm Bình ,Tuyên Quang
0903 ,09 ,03 ,Huyện Na Hang ,Tuyên Quang
0904 ,09 ,04 ,Huyện Chiêm Hoá ,Tuyên Quang
0905 ,09 ,05 ,Huyện Hàm Yên ,Tuyên Quang
0906 ,09 ,06 ,Huyện Yên Sơn ,Tuyên Quang
0907 ,09 ,07 ,Huyện Sơn Dương ,Tuyên Quang
1001 ,10 ,01 ,Thành phố Lạng Sơn ,Lạng Sơn
1002 ,10 ,02 ,Huyện Tràng Định ,Lạng Sơn
1003 ,10 ,03 ,Huyện Bình Gia ,Lạng Sơn
1004 ,10 ,04 ,Huyện Văn Lãng ,Lạng Sơn
1005 ,10 ,05 ,Huyện Bắc Sơn ,Lạng Sơn
1006 ,10 ,06 ,Huyện Văn Quan ,Lạng Sơn
1007 ,10 ,07 ,Huyện Cao Lộc ,Lạng Sơn
1008 ,10 ,08 ,Huyện Lộc Bình ,Lạng Sơn
1009 ,10 ,09 ,Huyện Chi Lăng ,Lạng Sơn
1010 ,10 ,10 ,Huyện Đình Lập ,Lạng Sơn
1011 ,10 ,11 ,Huyện Hữu Lũng ,Lạng Sơn
1100 ,11 ,00 ,Sở Giáo dục và Đào tạo ,Bắc Kạn
1101 ,11 ,01 ,Thành phố Bắc Kạn ,Bắc Kạn
1102 ,11 ,02 ,Huyện Chợ Đồn ,Bắc Kạn
1103 ,11 ,03 ,Huyện Bạch Thông ,Bắc Kạn
1104 ,11 ,04 ,Huyện Na Rì ,Bắc Kạn
1105 ,11 ,05 ,Huyện Ngân Sơn ,Bắc Kạn
1106 ,11 ,06 ,Huyện Ba Bể ,Bắc Kạn
1107 ,11 ,07 ,Huyện Chợ Mới ,Bắc Kạn
1108 ,11 ,08 ,Huyện Pác Nặm ,Bắc Kạn
1200 ,12 ,00 ,Sở Giáo dục và Đào tạo ,Thái Nguyên
1201 ,12 ,01 ,Thành phố Thái Nguyên ,Thái Nguyên
1202 ,12 ,02 ,Thị xã Sông Công ,Thái Nguyên
1203 ,12 ,03 ,Huyện Định Hoá ,Thái Nguyên
1204 ,12 ,04 ,Huyện Phú Lương ,Thái Nguyên
1205 ,12 ,05 ,Huyện Võ Nhai ,Thái Nguyên
1206 ,12 ,06 ,Huyện Đại Từ ,Thái Nguyên
1207 ,12 ,07 ,Huyện Đồng Hỷ ,Thái Nguyên
1208 ,12 ,08 ,Huyện Phú Bình ,Thái Nguyên
1209 ,12 ,09 ,Huyện Phổ Yên ,Thái Nguyên
1300 ,13 ,00 ,Sở Giáo dục và Đào tạo ,Yên Bái
1301 ,13 ,01 ,Thành phố Yên Bái ,Yên Bái
1302 ,13 ,02 ,Thị xã Nghĩa Lộ ,Yên Bái
1303 ,13 ,03 ,Huyện Văn Yên ,Yên Bái
1304 ,13 ,04 ,Huyện Yên Bình ,Yên Bái
1305 ,13 ,05 ,Huyện Mù Cang Chải ,Yên Bái
1306 ,13 ,06 ,Huyện Văn Chấn ,Yên Bái
1307 ,13 ,07 ,Huyện Trấn Yên ,Yên Bái
1308 ,13 ,08 ,Huyện Trạm Tấu ,Yên Bái
1309 ,13 ,09 ,Huyện Lục Yên ,Yên Bái
1401 ,14 ,01 ,Thành phố Sơn La ,Sơn La
1402 ,14 ,02 ,Huyện Quỳnh Nhai ,Sơn La
1403 ,14 ,03 ,Huyện Mường La ,Sơn La
1404 ,14 ,04 ,Huyện Thuận Châu ,Sơn La
1405 ,14 ,05 ,Huyện Bắc Yên ,Sơn La
1406 ,14 ,06 ,Huyện Phù Yên ,Sơn La
1407 ,14 ,07 ,Huyện Mai Sơn ,Sơn La
1408 ,14 ,08 ,Huyện Yên Châu ,Sơn La
1409 ,14 ,09 ,Huyện Sông Mã ,Sơn La
1410 ,14 ,10 ,Huyện Mộc Châu ,Sơn La
1411 ,14 ,11 ,huyện Sốp Cộp ,Sơn La
1412 ,14 ,12 ,Huyện Vân Hồ ,Sơn La
1500 ,15 ,00 ,Sở Giáo dục và Đào tạo ,Phú Thọ
1501 ,15 ,01 ,Thành phố Việt Trì ,Phú Thọ
1502 ,15 ,02 ,Thị xã Phú Thọ ,Phú Thọ
1503 ,15 ,03 ,Huyện Đoan Hùng ,Phú Thọ
1504 ,15 ,04 ,Huyện Thanh Ba ,Phú Thọ
1505 ,15 ,05 ,Huyện Hạ Hoà ,Phú Thọ
1506 ,15 ,06 ,Huyện Cẩm Khê ,Phú Thọ
1507 ,15 ,07 ,Huyện Yên Lập ,Phú Thọ
1508 ,15 ,08 ,Huyện Thanh Sơn ,Phú Thọ
1509 ,15 ,09 ,Huyện Phù Ninh ,Phú Thọ
1510 ,15 ,10 ,Huyện Lâm Thao ,Phú Thọ
1511 ,15 ,11 ,Huyện Tam Nông ,Phú Thọ
1512 ,15 ,12 ,Huyện Thanh Thủy ,Phú Thọ
1513 ,15 ,13 ,Huyện Tân Sơn ,Phú Thọ
1600 ,16 ,00 ,Sở Giáo dục và Đào tạo ,Vĩnh Phúc
1601 ,16 ,01 ,Thành phố Vĩnh Yên ,Vĩnh Phúc
1602 ,16 ,02 ,Huyện Tam Dương ,Vĩnh Phúc
1603 ,16 ,03 ,Huyện Lập Thạch ,Vĩnh Phúc
1604 ,16 ,04 ,Huyện Vĩnh Tường ,Vĩnh Phúc
1605 ,16 ,05 ,Huyện Yên Lạc ,Vĩnh Phúc
1606 ,16 ,06 ,Huyện Bình Xuyên ,Vĩnh Phúc
1607 ,16 ,07 ,Huyện Sông Lô ,Vĩnh Phúc
1608 ,16 ,08 ,Thị xã Phúc Yên ,Vĩnh Phúc
1609 ,16 ,09 ,Huyện Tam Đảo ,Vĩnh Phúc
1700 ,17 ,00 ,Sở Giáo dục và Đào tạo ,Quảng Ninh
1701 ,17 ,01 ,Thành phố Hạ Long ,Quảng Ninh
1702 ,17 ,02 ,Thành phố Cẩm Phả ,Quảng Ninh
1703 ,17 ,03 ,Thành phố Uông Bí ,Quảng Ninh
1704 ,17 ,04 ,Thành phố Móng Cái ,Quảng Ninh
1705 ,17 ,05 ,Huyện Bình Liêu ,Quảng Ninh
1706 ,17 ,06 ,Huyện Đầm Hà ,Quảng Ninh
1707 ,17 ,07 ,Huyện Hải Hà ,Quảng Ninh
1708 ,17 ,08 ,Huyện Tiên Yên ,Quảng Ninh
1709 ,17 ,09 ,Huyện Ba Chẽ ,Quảng Ninh
1710 ,17 ,10 ,Huyện Đông Triều ,Quảng Ninh
1711 ,17 ,11 ,Thị xã Quảng Yên ,Quảng Ninh
1712 ,17 ,12 ,Huyện Hoành Bồ ,Quảng Ninh
1713 ,17 ,13 ,Huyện Vân Đồn ,Quảng Ninh
1714 ,17 ,14 ,Huyện Cô Tô ,Quảng Ninh
1800 ,18 ,00 ,Sở Giáo dục và Đào tạo ,Bắc Giang
1801 ,18 ,01 ,Thành phố Bắc Giang ,Bắc Giang
1802 ,18 ,02 ,Huyện Yên Thế ,Bắc Giang
1803 ,18 ,03 ,Huyện Lục Ngạn ,Bắc Giang
1804 ,18 ,04 ,Huyện Sơn Động ,Bắc Giang
1805 ,18 ,05 ,Huyện Lục Nam ,Bắc Giang
1806 ,18 ,06 ,Huyện Tân Yên ,Bắc Giang
1807 ,18 ,07 ,Huyện Hiệp Hoà ,Bắc Giang
1808 ,18 ,08 ,Huyện Lạng Giang ,Bắc Giang
1809 ,18 ,09 ,Huyện Việt Yên ,Bắc Giang
1810 ,18 ,10 ,Huyện Yên Dũng ,Bắc Giang
1900 ,19 ,00 ,Sở Giáo dục và Đào tạo ,Bắc Ninh
1901 ,19 ,01 ,Thành phố Bắc Ninh ,Bắc Ninh
1902 ,19 ,02 ,Huyện Yên Phong ,Bắc Ninh
1903 ,19 ,03 ,Huyện Quế Võ ,Bắc Ninh
1904 ,19 ,04 ,Huyện Tiên Du ,Bắc Ninh
1905 ,19 ,05 ,Thị xã Từ  Sơn ,Bắc Ninh
1906 ,19 ,06 ,Huyện Thuận Thành ,Bắc Ninh
1907 ,19 ,07 ,Huyện Gia Bình ,Bắc Ninh
1908 ,19 ,08 ,Huyện Lương Tài ,Bắc Ninh
2100 ,21 ,00 ,Sở Giáo dục và Đào tạo ,Hải Dương
2101 ,21 ,01 ,Thành phố Hải Dương ,Hải Dương
2102 ,21 ,02 ,Thị xã Chí Linh ,Hải Dương
2103 ,21 ,03 ,Huyện Nam Sách ,Hải Dương
2104 ,21 ,04 ,Huyện Kinh Môn ,Hải Dương
2105 ,21 ,05 ,Huyện Gia Lộc ,Hải Dương
2106 ,21 ,06 ,Huyện Tứ Kỳ ,Hải Dương
2107 ,21 ,07 ,Huyện Thanh Miện ,Hải Dương
2108 ,21 ,08 ,Huyện Ninh Giang ,Hải Dương
2109 ,21 ,09 ,Huyện Cẩm Giàng ,Hải Dương
2110 ,21 ,10 ,Huyện Thanh Hà ,Hải Dương
2111 ,21 ,11 ,Huyện Kim Thành ,Hải Dương
2112 ,21 ,12 ,Huyện Bình Giang ,Hải Dương
2200 ,22 ,00 ,Sở Giáo dục và Đào tạo ,Hưng Yên
2201 ,22 ,01 ,Thành phố Hưng Yên ,Hưng Yên
2202 ,22 ,02 ,Huyện Kim Động ,Hưng Yên
2203 ,22 ,03 ,Huyện Ân Thi ,Hưng Yên
2204 ,22 ,04 ,Huyện Khoái Châu ,Hưng Yên
2205 ,22 ,05 ,Huyện Yên Mỹ ,Hưng Yên
2206 ,22 ,06 ,Huyện Tiên Lữ ,Hưng Yên
2207 ,22 ,07 ,Huyện Phù Cừ ,Hưng Yên
2208 ,22 ,08 ,Huyện Mỹ Hào ,Hưng Yên
2209 ,22 ,09 ,Huyện Văn Lâm ,Hưng Yên
2210 ,22 ,10 ,Huyện Văn Giang ,Hưng Yên
2300 ,23 ,00 ,Sở Giáo dục và Đào tạo ,Hoà Bình
2301 ,23 ,01 ,Thành phố Hoà Bình ,Hoà Bình
2302 ,23 ,02 ,Huyện Đà Bắc ,Hoà Bình
2303 ,23 ,03 ,Huyện Mai Châu ,Hoà Bình
2304 ,23 ,04 ,Huyện Tân Lạc ,Hoà Bình
2305 ,23 ,05 ,Huyện Lạc Sơn ,Hoà Bình
2306 ,23 ,06 ,Huyện Kỳ Sơn ,Hoà Bình
2307 ,23 ,07 ,Huyện Lương Sơn ,Hoà Bình
2308 ,23 ,08 ,Huyện Kim Bôi ,Hoà Bình
2309 ,23 ,09 ,Huyện Lạc Thuỷ ,Hoà Bình
2310 ,23 ,10 ,Huyện Yên Thuỷ ,Hoà Bình
2311 ,23 ,11 ,Huyện Cao Phong ,Hoà Bình
2400 ,24 ,00 ,Sở Giáo dục và Đào tạo ,Hà Nam
2401 ,24 ,01 ,Thành phố Phủ Lý ,Hà Nam
2402 ,24 ,02 ,Huyện Duy Tiên ,Hà Nam
2403 ,24 ,03 ,Huyện Kim Bảng ,Hà Nam
2404 ,24 ,04 ,Huyện Lý Nhân ,Hà Nam
2405 ,24 ,05 ,Huyện Thanh Liêm ,Hà Nam
2406 ,24 ,06 ,Huyện Bình Lục ,Hà Nam
2500 ,25 ,00 ,Sở Giáo dục và Đào tạo ,Nam Định
2501 ,25 ,01 ,Thành phố Nam Định ,Nam Định
2502 ,25 ,02 ,Huyện Mỹ Lộc ,Nam Định
2503 ,25 ,03 ,Huyện Xuân Trường ,Nam Định
2504 ,25 ,04 ,Huyện Giao Thủy ,Nam Định
2505 ,25 ,05 ,Huyện ý Yên ,Nam Định
2506 ,25 ,06 ,Huyện Vụ Bản ,Nam Định
2507 ,25 ,07 ,Huyện Nam Trực ,Nam Định
2508 ,25 ,08 ,Huyện Trực Ninh ,Nam Định
2509 ,25 ,09 ,Huyện Nghĩa Hưng ,Nam Định
2510 ,25 ,10 ,Huyện Hải Hậu ,Nam Định
2601 ,26 ,01 ,Thành phố Thái Bình ,Thái Bình
2602 ,26 ,02 ,Huyện Quỳnh Phụ ,Thái Bình
2603 ,26 ,03 ,Huyện Hưng Hà ,Thái Bình
2604 ,26 ,04 ,Huyện Đông Hưng ,Thái Bình
2605 ,26 ,05 ,Huyện Vũ Thư ,Thái Bình
2606 ,26 ,06 ,Huyện Kiến Xương ,Thái Bình
2607 ,26 ,07 ,Huyện Tiền Hải ,Thái Bình
2608 ,26 ,08 ,Huyện Thái Thuỵ ,Thái Bình
2700 ,27 ,00 ,Sở Giáo dục và Đào tạo ,Ninh Bình
2701 ,27 ,01 ,Thành phố Ninh Bình ,Ninh Bình
2702 ,27 ,02 ,Thị xã Tam Điệp ,Ninh Bình
2703 ,27 ,03 ,Huyện Nho Quan ,Ninh Bình
2704 ,27 ,04 ,Huyện Gia Viễn ,Ninh Bình
2705 ,27 ,05 ,Huyện Hoa Lư ,Ninh Bình
2706 ,27 ,06 ,Huyện Yên Mô ,Ninh Bình
2707 ,27 ,07 ,Huyện Kim Sơn ,Ninh Bình
2708 ,27 ,08 ,Huyện Yên Khánh ,Ninh Bình
2800 ,28 ,00 ,Sở Giáo dục và Đào tạo ,Thanh Hoá
2801 ,28 ,01 ,Thành phố Thanh Hoá ,Thanh Hoá
2802 ,28 ,02 ,Thị xã Bỉm Sơn ,Thanh Hoá
2803 ,28 ,03 ,Thị xã Sầm Sơn ,Thanh Hoá
2804 ,28 ,04 ,Huyện Quan Hoá ,Thanh Hoá
2805 ,28 ,05 ,Huyện Quan Sơn ,Thanh Hoá
2806 ,28 ,06 ,Huyện Mường Lát ,Thanh Hoá
2807 ,28 ,07 ,Huyện Bá Thước ,Thanh Hoá
2808 ,28 ,08 ,Huyện Thường Xuân ,Thanh Hoá
2809 ,28 ,09 ,Huyện Như Xuân ,Thanh Hoá
2810 ,28 ,10 ,Huyện Như Thanh ,Thanh Hoá
2811 ,28 ,11 ,Huyện Lang Chánh ,Thanh Hoá
2812 ,28 ,12 ,Huyện Ngọc Lặc ,Thanh Hoá
2813 ,28 ,13 ,Huyện Thạch Thành ,Thanh Hoá
2814 ,28 ,14 ,Huyện Cẩm Thủy ,Thanh Hoá
2815 ,28 ,15 ,Huyện Thọ Xuân ,Thanh Hoá
2816 ,28 ,16 ,Huyện Vĩnh Lộc ,Thanh Hoá
2817 ,28 ,17 ,Huyện Thiệu Hoá ,Thanh Hoá
2818 ,28 ,18 ,Huyện Triệu Sơn ,Thanh Hoá
2819 ,28 ,19 ,Huyện Nông Cống ,Thanh Hoá
2820 ,28 ,20 ,Huyện Đông Sơn ,Thanh Hoá
2821 ,28 ,21 ,Huyện Hà Trung ,Thanh Hoá
2822 ,28 ,22 ,Huyện Hoằng Hoá ,Thanh Hoá
2823 ,28 ,23 ,Huyện Nga Sơn ,Thanh Hoá
2824 ,28 ,24 ,Huyện Hậu Lộc ,Thanh Hoá
2825 ,28 ,25 ,Huyện Quảng Xương ,Thanh Hoá
2826 ,28 ,26 ,Huyện Tĩnh Gia ,Thanh Hoá
2827 ,28 ,27 ,Huyện Yên Định ,Thanh Hoá
2900 ,29 ,00 ,Sở Giáo dục và Đào tạo ,Nghệ An
2901 ,29 ,01 ,Thành phố Vinh ,Nghệ An
2902 ,29 ,02 ,Thị xã Cửa Lò ,Nghệ An
2903 ,29 ,03 ,Huyện Quỳ Châu ,Nghệ An
2904 ,29 ,04 ,Huyện Quỳ Hợp ,Nghệ An
2905 ,29 ,05 ,Huyện Nghĩa Đàn ,Nghệ An
2906 ,29 ,06 ,Huyện Quỳnh Lưu ,Nghệ An
2907 ,29 ,07 ,Huyện Kỳ Sơn ,Nghệ An
2908 ,29 ,08 ,Huyện Tương Dương ,Nghệ An
2909 ,29 ,09 ,Huyện Con Cuông ,Nghệ An
2910 ,29 ,10 ,Huyện Tân Kỳ ,Nghệ An
2911 ,29 ,11 ,Huyện Yên Thành ,Nghệ An
2912 ,29 ,12 ,Huyện Diễn Châu ,Nghệ An
2913 ,29 ,13 ,Huyện Anh Sơn ,Nghệ An
2914 ,29 ,14 ,Huyện Đô Lương ,Nghệ An
2915 ,29 ,15 ,Huyện Thanh Chương ,Nghệ An
2916 ,29 ,16 ,Huyện Nghi Lộc ,Nghệ An
2917 ,29 ,17 ,Huyện Nam Đàn ,Nghệ An
2918 ,29 ,18 ,Huyện Hưng Nguyên ,Nghệ An
2919 ,29 ,19 ,Huyện Quế Phong ,Nghệ An
2920 ,29 ,20 ,Thị Xã Thái Hòa ,Nghệ An
2921 ,29 ,21 ,Thị Xã Hoàng Mai ,Nghệ An
3000 ,30 ,00 ,Sở Giáo dục và Đào tạo ,Hà Tĩnh
3001 ,30 ,01 ,Thành phố Hà Tĩnh ,Hà Tĩnh
3002 ,30 ,02 ,Thị xã Hồng Lĩnh ,Hà Tĩnh
3003 ,30 ,03 ,Huyện Hương Sơn ,Hà Tĩnh
3004 ,30 ,04 ,Huyện Đức Thọ ,Hà Tĩnh
3005 ,30 ,05 ,Huyện Nghi Xuân ,Hà Tĩnh
3006 ,30 ,06 ,Huyện Can Lộc ,Hà Tĩnh
3007 ,30 ,07 ,Huyện Hương Khê ,Hà Tĩnh
3008 ,30 ,08 ,Huyện Thạch Hà ,Hà Tĩnh
3009 ,30 ,09 ,Huyện Cẩm Xuyên ,Hà Tĩnh
3010 ,30 ,10 ,Huyện Kỳ Anh ,Hà Tĩnh
3011 ,30 ,11 ,Huyện Vũ Quang ,Hà Tĩnh
3012 ,30 ,12 ,Huyện Lộc Hà ,Hà Tĩnh
3100 ,31 ,00 ,Sở Giáo dục và Đào tạo ,Quảng Bình
3101 ,31 ,01 ,Thành phố Đồng Hới ,Quảng Bình
3102 ,31 ,02 ,Huyện Tuyên Hoá ,Quảng Bình
3103 ,31 ,03 ,Huyện Minh Hoá ,Quảng Bình
3104 ,31 ,04 ,Huyện Quảng Trạch ,Quảng Bình
3105 ,31 ,05 ,Huyện Bố Trạch ,Quảng Bình
3106 ,31 ,06 ,Huyện Quảng Ninh ,Quảng Bình
3107 ,31 ,07 ,Huyện Lệ Thuỷ ,Quảng Bình
3108 ,31 ,08 ,Thị xã Ba Đồn ,#N/A
3200 ,32 ,00 ,Sở Giáo dục và Đào tạo ,Quảng Trị
3201 ,32 ,01 ,Thành phố Đông Hà ,Quảng Trị
3202 ,32 ,02 ,Thị xã Quảng Trị ,Quảng Trị
3203 ,32 ,03 ,Huyện Vĩnh Linh ,Quảng Trị
3204 ,32 ,04 ,Huyện Gio Linh ,Quảng Trị
3205 ,32 ,05 ,Huyện Cam Lộ ,Quảng Trị
3206 ,32 ,06 ,Huyện Triệu Phong ,Quảng Trị
3207 ,32 ,07 ,Huyện Hải Lăng ,Quảng Trị
3208 ,32 ,08 ,Huyện Hướng Hóa ,Quảng Trị
3209 ,32 ,09 ,Huyện Đăkrông ,Quảng Trị
3210 ,32 ,10 ,Huyện đảo Cồn Cỏ ,Quảng Trị
3300 ,33 ,00 ,Sở Giáo dục và Đào tạo ,Thừa Thiên -Huế
3301 ,33 ,01 ,Thành phố Huế ,Thừa Thiên -Huế
3302 ,33 ,02 ,Huyện Phong Điền ,Thừa Thiên -Huế
3303 ,33 ,03 ,Huyện Quảng Điền ,Thừa Thiên -Huế
3304 ,33 ,04 ,Thị xã Hương Trà ,Thừa Thiên -Huế
3305 ,33 ,05 ,Huyện Phú Vang ,Thừa Thiên -Huế
3306 ,33 ,06 ,Thị xã Hương Thủy ,Thừa Thiên -Huế
3307 ,33 ,07 ,Huyện Phú Lộc ,Thừa Thiên -Huế
3308 ,33 ,08 ,Huyện Nam Đông ,Thừa Thiên -Huế
3309 ,33 ,09 ,Huyện A Lưới ,Thừa Thiên -Huế
3400 ,34 ,00 ,Sở Giáo dục và Đào tạo ,Quảng Nam
3401 ,34 ,01 ,Thành phố Tam Kỳ ,Quảng Nam
3402 ,34 ,02 ,Thành phố Hội An ,Quảng Nam
3403 ,34 ,03 ,Huyện Duy Xuyên ,Quảng Nam
3404 ,34 ,04 ,Huyện Điện Bàn ,Quảng Nam
3405 ,34 ,05 ,Huyện Đại Lộc ,Quảng Nam
3406 ,34 ,06 ,Huyện Quế Sơn ,Quảng Nam
3407 ,34 ,07 ,Huyện Hiệp Đức ,Quảng Nam
3408 ,34 ,08 ,Huyện Thăng Bình ,Quảng Nam
3409 ,34 ,09 ,Huyện Núi Thành ,Quảng Nam
3410 ,34 ,10 ,Huyện Tiên Phước ,Quảng Nam
3411 ,34 ,11 ,Huyện Bắc Trà My ,Quảng Nam
3412 ,34 ,12 ,Huyện Đông Giang ,Quảng Nam
3413 ,34 ,13 ,Huyện Nam Giang ,Quảng Nam
3414 ,34 ,14 ,Huyện Phước Sơn ,Quảng Nam
3415 ,34 ,15 ,Huyện Nam Trà My ,Quảng Nam
3416 ,34 ,16 ,Huyện Tây Giang ,Quảng Nam
3417 ,34 ,17 ,Huyện Phú Ninh ,Quảng Nam
3418 ,34 ,18 ,Huyện Nông Sơn ,Quảng Nam
3500 ,35 ,00 ,Sở Giáo dục và Đào tạo ,Quảng Ngãi
3501 ,35 ,01 ,Huyện Bình Sơn ,Quảng Ngãi
3502 ,35 ,02 ,Huyện Sơn Tịnh ,Quảng Ngãi
3503 ,35 ,03 ,Thành phố Quảng Ngãi ,Quảng Ngãi
3504 ,35 ,04 ,Huyện Tư Nghĩa ,Quảng Ngãi
3505 ,35 ,05 ,Huyện Nghĩa Hành ,Quảng Ngãi
3506 ,35 ,06 ,Huyện Mộ Đức ,Quảng Ngãi
3507 ,35 ,07 ,Huyện Đức phổ ,Quảng Ngãi
3508 ,35 ,08 ,Huyện Ba Tơ ,Quảng Ngãi
3509 ,35 ,09 ,Huyện Minh Long ,Quảng Ngãi
3510 ,35 ,10 ,Huyện Sơn Hà ,Quảng Ngãi
3511 ,35 ,11 ,Huyện Sơn Tây ,Quảng Ngãi
3512 ,35 ,12 ,Huyện Trà Bồng ,Quảng Ngãi
3513 ,35 ,13 ,Huyện Tây Trà ,Quảng Ngãi
3514 ,35 ,14 ,Huyện Lý Sơn ,Quảng Ngãi
3601 ,36 ,01 ,Thành phố Kon Tum ,Kon Tum
3602 ,36 ,02 ,Huyện Đăk Glei ,Kon Tum
3603 ,36 ,03 ,Huyện Ngọc Hồi ,Kon Tum
3604 ,36 ,04 ,Huyện Đăk Tô ,Kon Tum
3605 ,36 ,05 ,Huyện Sa Thầy ,Kon Tum
3606 ,36 ,06 ,Huyện Kon Plông ,Kon Tum
3607 ,36 ,07 ,Huyện Đăk Hà ,Kon Tum
3608 ,36 ,08 ,Huyện Kon Rẫy ,Kon Tum
3609 ,36 ,09 ,Huyện Tu Mơ Rông ,Kon Tum
3700 ,37 ,00 ,Sở Giáo dục và Đào tạo ,Bình Định
3701 ,37 ,01 ,Thành phố Quy Nhơn ,Bình Định
3702 ,37 ,02 ,Huyện An Lão ,Bình Định
3703 ,37 ,03 ,Huyện Hoài Ân ,Bình Định
3704 ,37 ,04 ,Huyện Hoài Nhơn ,Bình Định
3705 ,37 ,05 ,Huyện Phù Mỹ ,Bình Định
3706 ,37 ,06 ,Huyện Phù Cát ,Bình Định
3707 ,37 ,07 ,Huyện Vĩnh Thạnh ,Bình Định
3708 ,37 ,08 ,Huyện Tây Sơn ,Bình Định
3709 ,37 ,09 ,Huyện Vân Canh ,Bình Định
3710 ,37 ,10 ,Thị xã An Nhơn ,Bình Định
3711 ,37 ,11 ,Huyện Tuy Phước ,Bình Định
3800 ,38 ,00 ,Sở Giáo dục và Đào tạo ,Gia Lai
3801 ,38 ,01 ,Thành phố Pleiku ,Gia Lai
3802 ,38 ,02 ,Huyện Chư Păh ,Gia Lai
3803 ,38 ,03 ,Huyện Mang Yang ,Gia Lai
3804 ,38 ,04 ,Huyện KBang ,Gia Lai
3805 ,38 ,05 ,Thị xã An Khê ,Gia Lai
3806 ,38 ,06 ,Huyện Kông Chro ,Gia Lai
3807 ,38 ,07 ,Huyện Đức Cơ ,Gia Lai
3808 ,38 ,08 ,Huyện Chư Prông ,Gia Lai
3809 ,38 ,09 ,Huyện Chư Sê ,Gia Lai
3810 ,38 ,10 ,Thị xã Ayun Pa ,Gia Lai
3811 ,38 ,11 ,Huyện Krông Pa ,Gia Lai
3812 ,38 ,12 ,Huyện Ia Grai ,Gia Lai
3813 ,38 ,13 ,Huyện Đak Đoa ,Gia Lai
3814 ,38 ,14 ,Huyện Ia Pa ,Gia Lai
3815 ,38 ,15 ,Huyện Đak Pơ ,Gia Lai
3816 ,38 ,16 ,Huyện Phú Thiện ,Gia Lai
3817 ,38 ,17 ,Huyện Chư Pưh ,Gia Lai
3900 ,39 ,00 ,Sở Giáo dục và Đào tạo ,Phú Yên
3901 ,39 ,01 ,Thành phố Tuy Hòa ,Phú Yên
3902 ,39 ,02 ,Huyện Đồng Xuân ,Phú Yên
3903 ,39 ,03 ,Thị Xã Sông Cầu ,Phú Yên
3904 ,39 ,04 ,Huyện Tuy An ,Phú Yên
3905 ,39 ,05 ,Huyện Sơn Hòa ,Phú Yên
3906 ,39 ,06 ,Huyện Sông Hinh ,Phú Yên
3907 ,39 ,07 ,Huyện Đông Hòa ,Phú Yên
3908 ,39 ,08 ,Huyện Phú Hòa ,Phú Yên
3909 ,39 ,09 ,Huyện Tây Hòa ,Phú Yên
4001 ,40 ,01 ,Thành phố Buôn Ma Thuột ,Đắk Lắk
4002 ,40 ,02 ,Huyện Ea H Leo ,Đắk Lắk
4003 ,40 ,03 ,Huyện Krông Buk ,Đắk Lắk
4004 ,40 ,04 ,Huyện Krông Năng ,Đắk Lắk
4005 ,40 ,05 ,Huyện Ea Súp ,Đắk Lắk
4006 ,40 ,06 ,Huyện Cư Mgar ,Đắk Lắk
4007 ,40 ,07 ,Huyện Krông Pắc ,Đắk Lắk
4008 ,40 ,08 ,Huyện Ea Kar ,Đắk Lắk
4009 ,40 ,09 ,Huyện M'Đrăk ,Đắk Lắk
4010 ,40 ,10 ,Huyện Krông Ana ,Đắk Lắk
4011 ,40 ,11 ,Huyện Krông Bông ,Đắk Lắk
4012 ,40 ,12 ,Huyện Lăk ,Đắk Lắk
4013 ,40 ,13 ,Huyện Buôn Đôn ,Đắk Lắk
4014 ,40 ,14 ,Huyện Cư Kuin ,Đắk Lắk
4015 ,40 ,15 ,Thị Xã Buôn Hồ ,Đắk Lắk
4100 ,41 ,00 ,Sở Giáo dục và Đào tạo ,Khánh Hoà
4101 ,41 ,01 ,Thành phố Nha Trang ,Khánh Hoà
4102 ,41 ,02 ,Huyện Vạn Ninh ,Khánh Hoà
4103 ,41 ,03 ,Thị xã Ninh Hoà ,Khánh Hoà
4104 ,41 ,04 ,Huyện Diên Khánh ,Khánh Hoà
4105 ,41 ,05 ,Huyện Khánh Vĩnh ,Khánh Hoà
4106 ,41 ,06 ,Thành phố Cam Ranh ,Khánh Hoà
4107 ,41 ,07 ,Huyện Khánh Sơn ,Khánh Hoà
4108 ,41 ,08 ,Huyện đảo Trường Sa ,Khánh Hoà
4109 ,41 ,09 ,Huyện Cam Lâm ,Khánh Hoà
4200 ,42 ,00 ,Sở Giáo dục và Đào tạo ,Lâm Đồng
4201 ,42 ,01 ,Thành phố Đà Lạt ,Lâm Đồng
4202 ,42 ,02 ,Thành phố Bảo Lộc ,Lâm Đồng
4203 ,42 ,03 ,Huyện Đức Trọng ,Lâm Đồng
4204 ,42 ,04 ,Huyện Di Linh ,Lâm Đồng
4205 ,42 ,05 ,Huyện Đơn Dương ,Lâm Đồng
4206 ,42 ,06 ,Huyện Lạc Dương ,Lâm Đồng
4207 ,42 ,07 ,Huyện Đạ Huoai ,Lâm Đồng
4208 ,42 ,08 ,Huyện Đạ Tẻh ,Lâm Đồng
4209 ,42 ,09 ,Huyện Cát Tiên ,Lâm Đồng
4210 ,42 ,10 ,Huyện Lâm Hà ,Lâm Đồng
4211 ,42 ,11 ,Huyện Bảo Lâm ,Lâm Đồng
4212 ,42 ,12 ,Huyện Đam Rông ,Lâm Đồng
4300 ,43 ,00 ,Sở Giáo dục và Đào tạo ,Bình Phước
4301 ,43 ,01 ,Thị xã Đồng Xoài ,Bình Phước
4302 ,43 ,02 ,Huyện Đồng Phú ,Bình Phước
4303 ,43 ,03 ,Huyện Chơn Thành ,Bình Phước
4304 ,43 ,04 ,Thị xã Bình Long ,Bình Phước
4305 ,43 ,05 ,Huyện Lộc Ninh ,Bình Phước
4306 ,43 ,06 ,Huyện Bù Đốp ,Bình Phước
4307 ,43 ,07 ,Thị xã Phước Long ,Bình Phước
4308 ,43 ,08 ,Huyện Bù Đăng ,Bình Phước
4309 ,43 ,09 ,Huyện Hớn Quản ,Bình Phước
4310 ,43 ,10 ,Huyện Bù Gia Mập ,Bình Phước
4400 ,44 ,00 ,Sở Giáo dục và Đào tạo ,Bình Dương
4401 ,44 ,01 ,Th. phố Thủ Dầu Một ,Bình Dương
4402 ,44 ,02 ,Thị xã Bến Cát ,Bình Dương
4403 ,44 ,03 ,Thị xã Tân Uyên ,Bình Dương
4404 ,44 ,04 ,Thị xã Thuận An ,Bình Dương
4405 ,44 ,05 ,Thị xã Dĩ An ,Bình Dương
4406 ,44 ,06 ,Huyện Phú Giáo ,Bình Dương
4407 ,44 ,07 ,Huyện Dầu Tiếng ,Bình Dương
4408 ,44 ,08 ,Huyện Bắc Tân Uyên ,#N/A
4409 ,44 ,09 ,Huyện Bàu Bàng ,#N/A
4500 ,45 ,00 ,Sở Giáo dục và Đào tạo ,Ninh Thuận
4501 ,45 ,01 ,Th. phố Phan Rang -Tháp Chàm ,Ninh Thuận
4502 ,45 ,02 ,Huyện Ninh Sơn ,Ninh Thuận
4503 ,45 ,03 ,Huyện Ninh Hải ,Ninh Thuận
4504 ,45 ,04 ,Huyện Ninh Phước ,Ninh Thuận
4505 ,45 ,05 ,Huyện Bác ái ,Ninh Thuận
4506 ,45 ,06 ,Huyện Thuận Bắc ,Ninh Thuận
4507 ,45 ,07 ,Huyện Thuận Nam ,Ninh Thuận
4601 ,46 ,01 ,Thành phố Tây Ninh ,Tây Ninh
4602 ,46 ,02 ,Huyện Tân Biên ,Tây Ninh
4603 ,46 ,03 ,Huyện Tân Châu ,Tây Ninh
4604 ,46 ,04 ,Huyện Dương Minh Châu ,Tây Ninh
4605 ,46 ,05 ,Huyện Châu Thành ,Tây Ninh
4606 ,46 ,06 ,Huyện Hòa Thành ,Tây Ninh
4607 ,46 ,07 ,Huyện Bến Cầu ,Tây Ninh
4608 ,46 ,08 ,Huyện Gò Dầu ,Tây Ninh
4609 ,46 ,09 ,Huyện Trảng Bàng ,Tây Ninh
4700 ,47 ,00 ,Sở Giáo dục và Đào tạo ,Bình Thuận
4701 ,47 ,01 ,Thành phố Phan Thiết ,Bình Thuận
4702 ,47 ,02 ,Huyện Tuy Phong ,Bình Thuận
4703 ,47 ,03 ,Huyện Bắc Bình ,Bình Thuận
4704 ,47 ,04 ,Huyện Hàm Thuận Bắc ,Bình Thuận
4705 ,47 ,05 ,Huyện Hàm Thuận Nam ,Bình Thuận
4706 ,47 ,06 ,Huyện Hàm Tân ,Bình Thuận
4707 ,47 ,07 ,Huyện Đức Linh ,Bình Thuận
4708 ,47 ,08 ,Huyện Tánh Linh ,Bình Thuận
4709 ,47 ,09 ,Huyện đảo Phú Quý ,Bình Thuận
4710 ,47 ,10 ,Thị xã La Gi ,Bình Thuận
4800 ,48 ,00 ,Sở Giáo dục và Đào tạo ,Đồng Nai
4801 ,48 ,01 ,Thành phố Biên Hoà ,Đồng Nai
4802 ,48 ,02 ,Huyện Vĩnh Cửu ,Đồng Nai
4803 ,48 ,03 ,Huyện Tân Phú ,Đồng Nai
4804 ,48 ,04 ,Huyện Định Quán ,Đồng Nai
4805 ,48 ,05 ,Huyện Thống Nhất ,Đồng Nai
4806 ,48 ,06 ,Thị xã Long Khánh ,Đồng Nai
4807 ,48 ,07 ,Huyện Xuân Lộc ,Đồng Nai
4808 ,48 ,08 ,Huyện Long Thành ,Đồng Nai
4809 ,48 ,09 ,Huyện Nhơn Trạch ,Đồng Nai
4810 ,48 ,10 ,Huyện Trảng Bom ,Đồng Nai
4811 ,48 ,11 ,Huyện Cẩm Mỹ ,Đồng Nai
4900 ,49 ,00 ,Sở Giáo dục và Đào tạo ,Long An
4901 ,49 ,01 ,Thành phố Tân An ,Long An
4902 ,49 ,02 ,Huyện Vĩnh Hưng ,Long An
4903 ,49 ,03 ,Huyện Mộc Hoá ,Long An
4904 ,49 ,04 ,Huyện Tân Thạnh ,Long An
4905 ,49 ,05 ,Huyện Thạnh Hoá ,Long An
4906 ,49 ,06 ,Huyện Đức Huệ ,Long An
4907 ,49 ,07 ,Huyện Đức Hoà ,Long An
4908 ,49 ,08 ,Huyện Bến Lức ,Long An
4909 ,49 ,09 ,Huyện Thủ Thừa ,Long An
4910 ,49 ,10 ,Huyện Châu Thành ,Long An
4911 ,49 ,11 ,Huyện Tân Trụ ,Long An
4912 ,49 ,12 ,Huyện Cần Đước ,Long An
4913 ,49 ,13 ,Huyện Cần Giuộc ,Long An
4914 ,49 ,14 ,Huyện Tân Hưng ,Long An
4915 ,49 ,15 ,Thị xã Kiến Tường ,Long An
5000 ,50 ,00 ,Sở Giáo dục và Đào tạo ,Đồng Tháp
5001 ,50 ,01 ,Huyện Châu Thành ,Đồng Tháp
5002 ,50 ,02 ,Huyện Lai Vung ,Đồng Tháp
5003 ,50 ,03 ,Huyện Lấp Vò ,Đồng Tháp
5004 ,50 ,04 ,Thành phố Sa Đéc ,Đồng Tháp
5005 ,50 ,05 ,Thành phố Cao Lãnh ,Đồng Tháp
5006 ,50 ,06 ,Huyện Cao Lãnh ,Đồng Tháp
5007 ,50 ,07 ,Huyện Tháp Mười ,Đồng Tháp
5008 ,50 ,08 ,Huyện Tam Nông ,Đồng Tháp
5009 ,50 ,09 ,Huyện Thanh Bình ,Đồng Tháp
5010 ,50 ,10 ,Thị Xã Hồng Ngự ,Đồng Tháp
5011 ,50 ,11 ,Huyện Hồng Ngự ,Đồng Tháp
5012 ,50 ,12 ,Huyện Tân Hồng ,Đồng Tháp
5100 ,51 ,00 ,Sở Giáo dục và Đào tạo ,An Giang
5101 ,51 ,01 ,Thành phố Long Xuyên ,An Giang
5102 ,51 ,02 ,Thành phố Châu Đốc ,An Giang
5103 ,51 ,03 ,Huyện An Phú ,An Giang
5104 ,51 ,04 ,Thị xã Tân Châu ,An Giang
5105 ,51 ,05 ,Huyện Phú Tân ,An Giang
5106 ,51 ,06 ,Huyện Tịnh Biên ,An Giang
5107 ,51 ,07 ,Huyện Tri Tôn ,An Giang
5108 ,51 ,08 ,Huyện Châu Phú ,An Giang
5109 ,51 ,09 ,Huyện Chợ Mới ,An Giang
5110 ,51 ,10 ,Huyện Châu Thành ,An Giang
5111 ,51 ,11 ,Huyện Thoại Sơn ,An Giang
5200 ,52 ,00 ,Sở Giáo dục và Đào tạo ,Bà Rịa-Vũng Tàu
5201 ,52 ,01 ,Thành phố Vũng Tàu ,Bà Rịa-Vũng Tàu
5202 ,52 ,02 ,Thành phố Bà Rịa ,Bà Rịa-Vũng Tàu
5203 ,52 ,03 ,Huyện Xuyên Mộc ,Bà Rịa-Vũng Tàu
5204 ,52 ,04 ,Huyện Long Điền ,Bà Rịa-Vũng Tàu
5205 ,52 ,05 ,Huyện Côn Đảo ,Bà Rịa-Vũng Tàu
5206 ,52 ,06 ,Huyện Tân Thành ,Bà Rịa-Vũng Tàu
5207 ,52 ,07 ,Huyện Châu Đức ,Bà Rịa-Vũng Tàu
5208 ,52 ,08 ,Huyện Đất Đỏ ,Bà Rịa-Vũng Tàu
5300 ,53 ,00 ,Sở Giáo dục và Đào tạo ,Tiền Giang
5301 ,53 ,01 ,Thành phố Mỹ Tho ,Tiền Giang
5302 ,53 ,02 ,Thị xã Gò Công ,Tiền Giang
5303 ,53 ,03 ,Huyện Cái bè ,Tiền Giang
5304 ,53 ,04 ,Huyện Cai lậy ,Tiền Giang
5305 ,53 ,05 ,Huyện Châu thành ,Tiền Giang
5306 ,53 ,06 ,Huyện Chợ Gạo ,Tiền Giang
5307 ,53 ,07 ,Huyện Gò Công Tây ,Tiền Giang
5308 ,53 ,08 ,Huyện Gò Công Đông ,Tiền Giang
5309 ,53 ,09 ,Huyện Tân Phước ,Tiền Giang
5310 ,53 ,10 ,Huyện Tân Phú Đông ,Tiền Giang
5311 ,53 ,11 ,Thị xã Cai Lậy ,#N/A
5400 ,54 ,00 ,Sở Giáo dục và Đào tạo ,Kiên Giang
5401 ,54 ,01 ,Thành phố Rạch Giá ,Kiên Giang
5402 ,54 ,02 ,Thị xã Hà Tiên ,Kiên Giang
5403 ,54 ,03 ,Huyện Kiên Lương ,Kiên Giang
5404 ,54 ,04 ,Huyện Hòn Đất ,Kiên Giang
5405 ,54 ,05 ,Huyện Tân Hiệp ,Kiên Giang
5406 ,54 ,06 ,Huyện Châu Thành ,Kiên Giang
5407 ,54 ,07 ,Huyện Giồng Riềng ,Kiên Giang
5408 ,54 ,08 ,Huyện Gò Quao ,Kiên Giang
5409 ,54 ,09 ,Huyện An Biên ,Kiên Giang
5410 ,54 ,10 ,Huyện An Minh ,Kiên Giang
5411 ,54 ,11 ,Huyện Vĩnh Thuận ,Kiên Giang
5412 ,54 ,12 ,Huyện Phú Quốc ,Kiên Giang
5413 ,54 ,13 ,Huyện Kiên Hải ,Kiên Giang
5414 ,54 ,14 ,Huyện U Minh Thượng ,Kiên Giang
5415 ,54 ,15 ,Huyện Giang Thành ,Kiên Giang
5500 ,55 ,00 ,Sở Giáo dục và Đào tạo ,Cần Thơ
5501 ,55 ,01 ,Quận Ninh Kiều ,Cần Thơ
5502 ,55 ,02 ,Quận Bình Thuỷ ,Cần Thơ
5503 ,55 ,03 ,Quận Cái Răng ,Cần Thơ
5504 ,55 ,04 ,Quận Ô Môn ,Cần Thơ
5505 ,55 ,05 ,Huyện Phong Điền ,Cần Thơ
5506 ,55 ,06 ,Huyện Cờ Đỏ ,Cần Thơ
5507 ,55 ,07 ,Huyện Vĩnh Thạnh ,Cần Thơ
5508 ,55 ,08 ,Quận Thốt Nốt ,Cần Thơ
5509 ,55 ,09 ,Huyện Thới Lai ,Cần Thơ
5600 ,56 ,00 ,Sở Giáo dục và Đào tạo ,Bến Tre
5601 ,56 ,01 ,Thành phố Bến Tre ,Bến Tre
5602 ,56 ,02 ,Huyện Châu Thành ,Bến Tre
5603 ,56 ,03 ,Huyện Chợ Lách ,Bến Tre
5604 ,56 ,04 ,Huyện Mỏ Cày Bắc ,Bến Tre
5605 ,56 ,05 ,Huyện Giồng Trôm ,Bến Tre
5606 ,56 ,06 ,Huyện Bình Đại ,Bến Tre
5607 ,56 ,07 ,Huyện Ba Tri ,Bến Tre
5608 ,56 ,08 ,Huyện Thạnh Phú ,Bến Tre
5609 ,56 ,09 ,Huyện Mỏ Cày Nam ,Bến Tre
5700 ,57 ,00 ,Sở Giáo dục và Đào tạo ,Vĩnh Long
5701 ,57 ,01 ,Thành phố Vĩnh Long ,Vĩnh Long
5702 ,57 ,02 ,Huyện Long Hồ ,Vĩnh Long
5703 ,57 ,03 ,Huyện Mang Thít ,Vĩnh Long
5704 ,57 ,04 ,Thị xã Bình Minh ,Vĩnh Long
5705 ,57 ,05 ,Huyện Tam Bình ,Vĩnh Long
5706 ,57 ,06 ,Huyện Trà Ôn ,Vĩnh Long
5707 ,57 ,07 ,Huyện Vũng Liêm ,Vĩnh Long
5708 ,57 ,08 ,Huyện Bình Tân ,Vĩnh Long
5800 ,58 ,00 ,Sở Giáo dục và Đào tạo ,Trà Vinh
5801 ,58 ,01 ,Thành phố Trà Vinh ,Trà Vinh
5802 ,58 ,02 ,Huyện Càng Long ,Trà Vinh
5803 ,58 ,03 ,Huyện Cầu Kè ,Trà Vinh
5804 ,58 ,04 ,Huyện Tiểu Cần ,Trà Vinh
5805 ,58 ,05 ,Huyện Châu Thành ,Trà Vinh
5806 ,58 ,06 ,Huyện Trà Cú ,Trà Vinh
5807 ,58 ,07 ,Huyện Cầu Ngang ,Trà Vinh
5808 ,58 ,08 ,Huyện Duyên Hải ,Trà Vinh
5900 ,59 ,00 ,Sở Giáo dục và Đào tạo ,Sóc Trăng
5901 ,59 ,01 ,Thành phố Sóc Trăng ,Sóc Trăng
5902 ,59 ,02 ,Huyện Kế Sách ,Sóc Trăng
5903 ,59 ,03 ,Huyện Mỹ Tú ,Sóc Trăng
5904 ,59 ,04 ,Huyện Mỹ Xuyên ,Sóc Trăng
5905 ,59 ,05 ,Huyện Thạnh Trị ,Sóc Trăng
5906 ,59 ,06 ,Huyện Long Phú ,Sóc Trăng
5907 ,59 ,07 ,Thị xã Vĩnh Châu ,Sóc Trăng
5908 ,59 ,08 ,Huyện Cù Lao Dung ,Sóc Trăng
5909 ,59 ,09 ,Thị xã Ngã Năm ,Sóc Trăng
5910 ,59 ,10 ,Huyện Châu Thành ,Sóc Trăng
5911 ,59 ,11 ,Huyện Trần Đề ,Sóc Trăng
6000 ,60 ,00 ,Sở Giáo dục và Đào tạo ,Bạc Liêu
6001 ,60 ,01 ,Thành phố Bạc Liêu ,Bạc Liêu
6002 ,60 ,02 ,Huyện Vĩnh Lợi ,Bạc Liêu
6003 ,60 ,03 ,Huyện Hồng Dân ,Bạc Liêu
6004 ,60 ,04 ,Huyện Giá Rai ,Bạc Liêu
6005 ,60 ,05 ,Huyện Phước Long ,Bạc Liêu
6006 ,60 ,06 ,Huyện Đông Hải ,Bạc Liêu
6007 ,60 ,07 ,Huyện Hoà Bình ,Bạc Liêu
6100 ,61 ,00 ,Sở Giáo dục và Đào tạo ,Cà Mau
6101 ,61 ,01 ,Thành phố Cà Mau ,Cà Mau
6102 ,61 ,02 ,Huyện Thới Bình ,Cà Mau
6103 ,61 ,03 ,Huyện U Minh ,Cà Mau
6104 ,61 ,04 ,Huyện Trần Văn Thời ,Cà Mau
6105 ,61 ,05 ,Huyện Cái Nước ,Cà Mau
6106 ,61 ,06 ,Huyện Đầm Dơi ,Cà Mau
6107 ,61 ,07 ,Huyện Ngọc Hiển ,Cà Mau
6108 ,61 ,08 ,Huyện Năm Căn ,Cà Mau
6109 ,61 ,09 ,Huyện Phú Tân ,Cà Mau
6200 ,62 ,00 ,Sở Giáo dục và Đào tạo ,Điện Biên
6201 ,62 ,01 ,Th. phố Điện Biên Phủ ,Điện Biên
6202 ,62 ,02 ,Thị xã Mường Lay ,Điện Biên
6203 ,62 ,03 ,Huyện Điện Biên ,Điện Biên
6204 ,62 ,04 ,Huyện Tuần Giáo ,Điện Biên
6205 ,62 ,05 ,Huyện Mường Chà ,Điện Biên
6206 ,62 ,06 ,Huyện Tủa Chùa ,Điện Biên
6207 ,62 ,07 ,Huyện Điện Biên Đông ,Điện Biên
6208 ,62 ,08 ,Huyện Mường Nhé ,Điện Biên
6209 ,62 ,09 ,Huyện Mường ảng ,Điện Biên
6210 ,62 ,10 ,Huyện Nậm Pồ ,Điện Biên
6300 ,63 ,00 ,Sở Giáo dục và Đào tạo ,Đắk Nông
6301 ,63 ,01 ,Thị xã Gia Nghĩa ,Đắk Nông
6302 ,63 ,02 ,Huyện Đăk RLấp ,Đắk Nông
6303 ,63 ,03 ,Huyện Đăk Mil ,Đắk Nông
6304 ,63 ,04 ,Huyện Cư Jút ,Đắk Nông
6305 ,63 ,05 ,Huyện Đăk Song ,Đắk Nông
6306 ,63 ,06 ,Huyện Krông Nô ,Đắk Nông
6307 ,63 ,07 ,Huyện Đăk GLong ,Đắk Nông
6308 ,63 ,08 ,Huyện Tuy Đức ,Đắk Nông
6400 ,64 ,00 ,Sở Giáo dục và Đào tạo ,Hậu Giang
6401 ,64 ,01 ,Thành phố Vị Thanh ,Hậu Giang
6402 ,64 ,02 ,Huyện Vị Thuỷ ,Hậu Giang
6403 ,64 ,03 ,Huyện Long Mỹ ,Hậu Giang
6404 ,64 ,04 ,Huyện Phụng Hiệp ,Hậu Giang
6405 ,64 ,05 ,Huyện Châu Thành ,Hậu Giang
6406 ,64 ,06 ,Huyện Châu Thành A ,Hậu Giang
6407 ,64 ,07 ,Thị xã Ngã Bảy ,Hậu Giang
